,sensor1,sensor2,mean_difference,std_difference,euclidean_distance,manhattan_distance,cosine_similarity,area_difference
0,5.0,8.0,9.676934414192097,26.22563443701865,167.24100461715912,224.86780346761168,0.7050609407960667,-0.00038016255961048395
1,5.0,7.0,13.156064417940124,31.15355137529134,172.5242059120814,228.39990595743004,0.6655449571398163,-0.0017696382059323608
2,5.0,10.0,-3.399956510402515,12.197057504865956,134.12730377159554,183.68587982336953,0.7393163463559949,0.025092333985877485
3,5.0,0.0,-2.615643364962459,23.90417502829976,175.10122842441763,251.93339942759047,0.6964806289096696,0.0473658677463781
4,5.0,1.0,-5.39336959450227,21.68749823208988,160.67284687333097,227.15087502582276,0.7298183149422339,0.028540972609523114
5,5.0,9.0,-2.000883292381514,21.138678847416173,156.12856172533182,225.03601614720932,0.7249443859146225,0.004676951062507244
6,5.0,4.0,4.688867870799102,14.81738281523765,153.97447188003412,220.39274530470635,0.739483832337424,0.005662600272922077
7,5.0,6.0,5.4103424608042845,13.458615608459482,103.64124675332347,115.8544939132858,0.7105473879207278,0.017207675991943738
8,5.0,2.0,3.394685820020437,15.709072551972604,156.03599021542632,219.41859260438096,0.7153990813605853,0.014459804729252965
9,5.0,3.0,7.850864671644611,23.26672521669865,174.91204452164538,243.3016692916074,0.6965806188493191,0.006882426684877554
10,8.0,7.0,3.479130003748025,5.270271099449498,86.66685440149699,102.29441023966571,0.6810933966975099,-0.0013894756463218698
11,8.0,10.0,-13.076890924594615,27.312533958316813,175.86664920880742,240.61592772485196,0.7109223586243572,0.025472496545487975
12,8.0,0.0,-12.292577779154561,25.44104639454516,182.30142708956117,264.63026636763203,0.6879546280565169,0.04774603030598857
13,8.0,1.0,-15.070304008694373,29.71907635215123,184.45308160890463,262.8443718967057,0.709327481939173,0.0289211351691336
14,8.0,9.0,-11.677817706573611,21.77782295633149,172.82677720219087,247.65466139050952,0.7041676448884027,0.005057113622117737
15,8.0,4.0,-4.988066543392997,19.072004817568125,153.29271201800512,221.24505119736807,0.7191911795175278,0.006042762832532564
16,8.0,6.0,-4.266591953387817,12.971117738263219,156.70185722950012,213.8637441619147,0.6916066354173052,0.017587838551554224
17,8.0,2.0,-6.282248594171662,20.747490877321216,171.64918218772044,241.61267243228784,0.6984011166216473,0.014839967288863455
18,8.0,3.0,-1.8260697425474879,9.40072112362289,155.16911212281133,219.19096945287637,0.6971373059066828,0.007262589244488041
19,7.0,10.0,-16.556020928342644,31.60934701014027,180.81259555381862,243.64772160017102,0.6751814101587975,0.02686197219180984
20,7.0,0.0,-15.771707782902586,28.16218527122819,187.8804465572258,268.02145106671554,0.6605007017626204,0.04913550595231043
21,7.0,1.0,-18.549434012442394,33.06828655271373,191.52522143460632,269.46370537213176,0.6770056490314064,0.03031061081545547
22,7.0,9.0,-15.156947710321639,24.76355630662727,178.9075853931799,252.84135820011312,0.6712667335969169,0.0064465892684396064
23,7.0,4.0,-8.46719654714102,23.26879819764895,160.41181895781045,228.71123237331744,0.6850184339245735,0.007432238478854432
24,7.0,6.0,-7.745721957135842,17.81070067079542,158.6590095630417,211.916174550338,0.6586391053224577,0.01897731419787609
25,7.0,2.0,-9.761378597919686,24.640619876826335,175.24193088204996,243.83280031036335,0.666630360357997,0.01622944293518532
26,7.0,3.0,-5.305199746295512,12.484247755773515,163.3918983612285,230.45695881182928,0.6706646802848311,0.00865206489080991
27,10.0,0.0,0.7843131454400544,13.27889254305597,157.90552193684601,224.12117699212538,0.7113539083189498,0.0222735337605006
28,10.0,1.0,-1.9934130840997561,9.64493814927497,144.3659068705589,200.62342488986457,0.741715110588027,0.0034486386236456325
29,10.0,9.0,1.3990732180209993,12.031473274069883,159.78246354714005,228.2510935858899,0.7322867741571678,-0.020415382923370234
30,10.0,4.0,8.088824381201617,10.231558746562115,147.8959963652016,210.91696004754513,0.74446675908432,-0.01942973371295541
31,10.0,6.0,8.810298971206798,17.298533857640727,144.07990500793613,196.9933508454983,0.7113990435591079,-0.007884657993933751
32,10.0,2.0,6.794642330422953,8.746754084992887,147.19853766817553,205.27707873535897,0.7225771683878033,-0.01063252925662452
33,10.0,3.0,11.250821182047128,20.64430307244442,169.37551808532086,234.02961824658055,0.7047253534891852,-0.018209907300999934
34,0.0,1.0,-2.777726229539811,6.5527619050169195,113.18393061200477,133.58974986878414,0.7150742012561654,-0.018824895136854956
35,0.0,9.0,0.6147600725809462,4.485799285837931,170.6976111701363,247.15789350276037,0.7024403528863484,-0.042688916683870835
36,0.0,4.0,7.304511235761562,12.583725528806573,150.23440915716483,208.11173036540384,0.7125135686880547,-0.041703267473456006
37,0.0,6.0,8.025985825766742,21.585131260502692,173.4893688165285,249.2187720128549,0.6779801125919314,-0.030158191754434353
38,0.0,2.0,6.010329184982897,10.112665529871974,143.7185874219159,193.89459150444597,0.694157451904102,-0.03290606301712513
39,0.0,3.0,10.466508036607072,16.75894020766475,158.6817353731634,222.102149102542,0.6831836827185137,-0.040483441061500536
40,1.0,9.0,3.392486302120758,8.700658899596004,161.3097155259568,227.8782634460805,0.7302770359849159,-0.023864021547015866
41,1.0,4.0,10.082237465301374,13.524481706936617,152.44374849607033,211.96996272954442,0.7409534716454067,-0.022878372336601043
42,1.0,6.0,10.803712055306553,23.22814049434432,170.31969209524905,241.48807286962634,0.7053767165663727,-0.011333296617579383
43,1.0,2.0,8.788055414522708,10.820236315672107,148.7112377924045,200.3336507903829,0.7207938094941495,-0.014081167880270149
44,1.0,3.0,13.244234266146885,21.30495189774685,172.86008161328476,236.98156693041037,0.7046027013064904,-0.021658545924645566
45,9.0,4.0,6.689751163180616,10.250075036428987,154.63898719748926,227.50810696893498,0.7328224299211806,0.000985649210414825
46,9.0,6.0,7.411225753185797,17.570463785761913,162.24992889102577,233.93444177332648,0.7007262159754233,0.012530724929436484
47,9.0,2.0,5.395569112401952,8.019325206017855,164.69325293182635,236.97034363136788,0.7119345050152549,0.009782853666745717
48,9.0,3.0,9.851747964026124,13.67330253550604,170.1950154790352,245.35291667861324,0.6975008235933468,0.002205475622370303
49,4.0,6.0,0.7214745900051801,12.120313846165933,153.53947394935045,221.65622552755232,0.7148423927166867,0.011545075719021658
50,4.0,2.0,-1.2941820507786652,3.0865473666701493,124.49777404693967,168.7896206194399,0.725063906247914,0.00879720445633089
51,4.0,3.0,3.1619968008455115,11.703301608948621,109.91374114541203,132.29963498544345,0.7120523237716561,0.0012198264119554793
52,6.0,2.0,-2.015656640783846,13.89295411891239,162.51825244344408,229.150375739693,0.692855989424835,-0.002747871262690766
53,6.0,3.0,2.4405222108403297,12.574242275605407,168.07402820586555,237.0040160475626,0.6821767223309054,-0.010325249307066181
54,2.0,3.0,4.456178851624175,12.91739781518976,139.06476894486025,184.4065495529061,0.6916327755027271,-0.007577378044375411
